<Task version="1.2" xmlns="http://schemas.microsoft.com/windows/2004/02/mit/task">
  <RegistrationInfo>
    <Date>2017-10-14T21:51:00</Date>
  </RegistrationInfo>
  <Triggers>
    <CalendarTrigger>
      <StartBoundary>2017-10-14T21:51:00</StartBoundary>
      <EndBoundary>2019-10-14T21:51:00</EndBoundary>
      <Enabled>true</Enabled>
      <ScheduleByDay>
        <DaysInterval>30</DaysInterval>
      </ScheduleByDay>
    </CalendarTrigger>
  </Triggers>
  <Principals>
    <Principal id="Author">
      <RunLevel>HighestAvailable</RunLevel>
      <UserId>ALEX-PC\Alex</UserId>
      <LogonType>InteractiveToken</LogonType>
    </Principal>
  </Principals>
  <Settings>
    <MultipleInstancesPolicy>IgnoreNew</MultipleInstancesPolicy>
    <DisallowStartIfOnBatteries>false</DisallowStartIfOnBatteries>
    <StopIfGoingOnBatteries>false</StopIfGoingOnBatteries>
    <AllowHardTerminate>true</AllowHardTerminate>
    <StartWhenAvailable>true</StartWhenAvailable>
    <RunOnlyIfNetworkAvailable>true</RunOnlyIfNetworkAvailable>
    <AllowStartOnDemand>true</AllowStartOnDemand>
    <RunOnlyIfIdle>false</RunOnlyIfIdle>
    <WakeToRun>false</WakeToRun>
    <ExecutionTimeLimit>PT2H</ExecutionTimeLimit>
    <DeleteExpiredTaskAfter>PT0S</DeleteExpiredTaskAfter>
  </Settings>
  <Actions Context="Author">
    <Exec>
      <Command>"%ProgramFiles(x86)%\K-Lite Codec Pack\Tools\CodecTweakTool.exe"</Command>
      <Arguments>/verysilent /update /freq=30</Arguments>
    </Exec>
  </Actions>
</Task>